{"InitialCamera":[-1.2704589727734912,-1.1916453673870107,0.6325626767138081],"TargetCamera":[1.590184688128868,-1.5841460322889878,0.8352058216751832],"TimeCamera":"0.8"}